url	filename	size	sha256
http://deb.debian.org/debian/pool/main/a/acl/acl_2.3.2-2.dsc	acl_2.3.2-2.dsc	2604	1f42130ccb5442fe2db2aee1dcc03c51a31512dd2519a38e8fc9270c5abbc807
http://deb.debian.org/debian/pool/main/a/acl/acl_2.3.2.orig.tar.xz	acl_2.3.2.orig.tar.xz	371680	97203a72cae99ab89a067fe2210c1cbf052bc492b479eca7d226d9830883b0bd
http://deb.debian.org/debian/pool/main/a/acl/acl_2.3.2.orig.tar.xz.asc	acl_2.3.2.orig.tar.xz.asc	833	184c6a903490885a096095db67b433a04542c6569f167cbe8115268c0f227273
http://deb.debian.org/debian/pool/main/a/acl/acl_2.3.2-2.debian.tar.xz	acl_2.3.2-2.debian.tar.xz	24296	e27b6e194c0a7554595d76f96acdceb800631bdc46c36457b73bc7e4a0c5f2ee
http://deb.debian.org/debian/pool/main/a/adduser/adduser_3.152.dsc	adduser_3.152.dsc	1678	5ad23648a879d006e7a57d351720d4cbbbe3fb5e274ea52beb4f619896b9d520
http://deb.debian.org/debian/pool/main/a/adduser/adduser_3.152.tar.xz	adduser_3.152.tar.xz	334252	484cdde2d48053be40657b564375469fc577e89f3b984b01aed247b6081355b8
http://deb.debian.org/debian/pool/main/a/apt/apt_3.0.3.dsc	apt_3.0.3.dsc	3091	ccf1666e5b268d76bf62aafb22db089a2fdae9c17d1d1c446546b3621768add7
http://deb.debian.org/debian/pool/main/a/apt/apt_3.0.3.tar.xz	apt_3.0.3.tar.xz	2422096	5b5f6f6d26121742a83aa80d4ed0eb0c6ce9bea259518db412edefd95760e4ef
http://deb.debian.org/debian/pool/main/a/attr/attr_2.5.2-3.dsc	attr_2.5.2-3.dsc	2576	c2ae3e15db059029030ddf4fdac179d8f90d423f2310a6ef8c745ba28ac18b0a
http://deb.debian.org/debian/pool/main/a/attr/attr_2.5.2.orig.tar.xz	attr_2.5.2.orig.tar.xz	334180	f2e97b0ab7ce293681ab701915766190d607a1dba7fae8a718138150b700a70b
http://deb.debian.org/debian/pool/main/a/attr/attr_2.5.2.orig.tar.xz.asc	attr_2.5.2.orig.tar.xz.asc	833	eeac729088d3c6379e91b7596cb3582e46b047c47f0fa3c5c77f9c9e84dc3a4c
http://deb.debian.org/debian/pool/main/a/attr/attr_2.5.2-3.debian.tar.xz	attr_2.5.2-3.debian.tar.xz	32260	153f98c87575277ea021e24dae36293b7738699174438a2060b47e8312b771e3
http://deb.debian.org/debian/pool/main/a/audit/audit_4.0.2-2.dsc	audit_4.0.2-2.dsc	2408	d0b9457933409cd3287bc0b8bfb10f41c08fb5b24bd5c5b8364125d5a6894974
http://deb.debian.org/debian/pool/main/a/audit/audit_4.0.2.orig.tar.gz	audit_4.0.2.orig.tar.gz	1198769	d5d1b5d50ee4a2d0d17875bc6ae6bd6a7d5b34d9557ea847a39faec531faaa0a
http://deb.debian.org/debian/pool/main/a/audit/audit_4.0.2-2.debian.tar.xz	audit_4.0.2-2.debian.tar.xz	19228	33030d53299c57cda73e9e45813b8488f9bc3ad8992aef0b740afabbf66a2ba2
http://deb.debian.org/debian/pool/main/b/base-files/base-files_13.8%2bdeb13u6.dsc	base-files_13.8+deb13u6.dsc	1247	8e2254627410ebf9424cea290166f717e5ff1fa02758679fd9273e5f41b606c6
http://deb.debian.org/debian/pool/main/b/base-files/base-files_13.8%2bdeb13u6.tar.xz	base-files_13.8+deb13u6.tar.xz	68672	0d8c018d562213aa274a8210042bbc3c4ca985a43a75e0021de4bfa4d9722e34
http://deb.debian.org/debian/pool/main/b/base-passwd/base-passwd_3.6.7.dsc	base-passwd_3.6.7.dsc	1891	23dafe71f85d7595d9e20efba17729c1c975a33bd469cf09bfad9e96b1f542f3
http://deb.debian.org/debian/pool/main/b/base-passwd/base-passwd_3.6.7.tar.xz	base-passwd_3.6.7.tar.xz	60872	cf869870fed7862b57bfa9e99cd5cd6f365e2349705a1b65af7fc182629bd1ab
http://deb.debian.org/debian/pool/main/b/bash/bash_5.2.37-2.dsc	bash_5.2.37-2.dsc	2162	7e5f6d5a26093e812f8841d5cf3245054102e86986017d8edd859417b03707f9
http://deb.debian.org/debian/pool/main/b/bash/bash_5.2.37.orig.tar.xz	bash_5.2.37.orig.tar.xz	5600932	370704c9c859f4060b7df19055e43bb9b5fa09d887699cf6ba87885c5485d36a
http://deb.debian.org/debian/pool/main/b/bash/bash_5.2.37-2.debian.tar.xz	bash_5.2.37-2.debian.tar.xz	88360	42e03ef523258b61fa765b8c9719d7bf461f2a274260d07fbe45ca7e4627923a
http://deb.debian.org/debian/pool/main/b/bzip2/bzip2_1.0.8-6.dsc	bzip2_1.0.8-6.dsc	1604	cd3bfd77254a6b5ef1be144bdc90a0dd374bc8206afd98ba4abf828741b79820
http://deb.debian.org/debian/pool/main/b/bzip2/bzip2_1.0.8.orig.tar.gz	bzip2_1.0.8.orig.tar.gz	810029	ab5a03176ee106d3f0fa90e381da478ddae405918153cca248e682cd0c4a2269
http://deb.debian.org/debian/pool/main/b/bzip2/bzip2_1.0.8-6.debian.tar.bz2	bzip2_1.0.8-6.debian.tar.bz2	26991	648ed0dac9a041ba6951e0cca521628aa39947cefee78139f7b934a5dc502095
http://deb.debian.org/debian/pool/main/c/ca-certificates/ca-certificates_20250419.dsc	ca-certificates_20250419.dsc	1766	3fc919369a3b84e34a959faa8bdffb9bd2c5a7d4a948a4b07a09a5d43e257030
http://deb.debian.org/debian/pool/main/c/ca-certificates/ca-certificates_20250419.tar.xz	ca-certificates_20250419.tar.xz	277504	33b44ef78653ecd3f0f2f13e5bba6be466be2e7da72182f737912b81798ba5d2
http://deb.debian.org/debian/pool/main/c/cdebconf/cdebconf_0.280.dsc	cdebconf_0.280.dsc	2703	36cdaa45fca445d2164fbdd81faad9918d748fa703678d8af237354d5744b1d1
http://deb.debian.org/debian/pool/main/c/cdebconf/cdebconf_0.280.tar.xz	cdebconf_0.280.tar.xz	286132	c42115131939845e452a323ceded937efad3b2e3e1b80a1a186f9d5c494a43a2
http://deb.debian.org/debian/pool/main/c/coreutils/coreutils_9.7-3.dsc	coreutils_9.7-3.dsc	2122	c3a207e3aaad165765c7a6fab89045f5fd20035fea6830b9f9ebbb92ebfbff89
http://deb.debian.org/debian/pool/main/c/coreutils/coreutils_9.7.orig.tar.xz	coreutils_9.7.orig.tar.xz	6158960	e8bb26ad0293f9b5a1fc43fb42ba970e312c66ce92c1b0b16713d7500db251bf
http://deb.debian.org/debian/pool/main/c/coreutils/coreutils_9.7.orig.tar.xz.asc	coreutils_9.7.orig.tar.xz.asc	833	5070e9428bd372a7fa1f66b395b81092bb40c98f9f56a2e2bc55c47fd387e901
http://deb.debian.org/debian/pool/main/c/coreutils/coreutils_9.7-3.debian.tar.xz	coreutils_9.7-3.debian.tar.xz	26820	483f77876a080577f63da1d004cc1cf17d16df65d6925aefdd3294c6101eccfb
http://deb.debian.org/debian/pool/main/d/dash/dash_0.5.12-12.dsc	dash_0.5.12-12.dsc	1460	589efc4d87a4ae4745c273bdb33198d7c4f28a71736a8ece81d3677cf9c6e5ce
http://deb.debian.org/debian/pool/main/d/dash/dash_0.5.12.orig.tar.gz	dash_0.5.12.orig.tar.gz	246054	6a474ac46e8b0b32916c4c60df694c82058d3297d8b385b74508030ca4a8f28a
http://deb.debian.org/debian/pool/main/d/dash/dash_0.5.12-12.debian.tar.xz	dash_0.5.12-12.debian.tar.xz	47300	a278acb5d9a1f5d9a086d36a547287cbf3105b8f33c0e62d86d264decf5ba1ad
http://deb.debian.org/debian/pool/main/d/db5.3/db5.3_5.3.28%2bdfsg2-9.dsc	db5.3_5.3.28+dfsg2-9.dsc	2373	045f392c75dffc9d4f3bd44978b90ca8d45b935cf0ae4202bf79a760f2ce07b1
http://deb.debian.org/debian/pool/main/d/db5.3/db5.3_5.3.28%2bdfsg2.orig.tar.xz	db5.3_5.3.28+dfsg2.orig.tar.xz	21287688	ad41b507415dec8316e828b2230242af2251d2c86eefa3c7aa9ef47c5239ef33
http://deb.debian.org/debian/pool/main/d/db5.3/db5.3_5.3.28%2bdfsg2-9.debian.tar.xz	db5.3_5.3.28+dfsg2-9.debian.tar.xz	36412	21fe6ee0491c83d0c34fe52e0e0e423946172eff68262584a0cc8ef880c36b74
http://deb.debian.org/debian/pool/main/d/debconf/debconf_1.5.91.dsc	debconf_1.5.91.dsc	2035	1aa3ceaef24ef533cfffe7f9ca750c6325dbaea86a7abca77cb4439ceae930d8
http://deb.debian.org/debian/pool/main/d/debconf/debconf_1.5.91.tar.xz	debconf_1.5.91.tar.xz	609964	18f3f43924ccc870be483d7c5f1a9be59e51ae1da403059d654666b5a175bf15
http://deb.debian.org/debian/pool/main/d/debian-archive-keyring/debian-archive-keyring_2025.1.dsc	debian-archive-keyring_2025.1.dsc	1267	09604bd8d4562a1e942e5d1a19a6b82447cbdeb2e7c7f0df7c32a2503647ea47
http://deb.debian.org/debian/pool/main/d/debian-archive-keyring/debian-archive-keyring_2025.1.tar.xz	debian-archive-keyring_2025.1.tar.xz	138248	2d019c3fa19c42da4d37571e473c296286dad0214cb3bd5cafd99f04a8bf5471
http://deb.debian.org/debian/pool/main/d/debianutils/debianutils_5.23.2.dsc	debianutils_5.23.2.dsc	1908	471b65deec232bb033f3e3e06d5bf64dac0ced474c6fd61d41538f3f3de876f8
http://deb.debian.org/debian/pool/main/d/debianutils/debianutils_5.23.2.tar.xz	debianutils_5.23.2.tar.xz	82376	79e524b7526dba2ec5c409d0ee52ebec135815cf5b2907375d444122e0594b69
http://deb.debian.org/debian/pool/main/d/diffutils/diffutils_3.10-4.dsc	diffutils_3.10-4.dsc	1875	087b414ddfc92161a30186926bc4b4ac02c7cba589b0323561cacd54c8b48392
http://deb.debian.org/debian/pool/main/d/diffutils/diffutils_3.10.orig.tar.xz	diffutils_3.10.orig.tar.xz	1624240	90e5e93cc724e4ebe12ede80df1634063c7a855692685919bfe60b556c9bd09e
http://deb.debian.org/debian/pool/main/d/diffutils/diffutils_3.10.orig.tar.xz.asc	diffutils_3.10.orig.tar.xz.asc	833	a94faf8f1baa04ff220f7b2ccb137c16337284e023ebc4a1d5df475c08d810f7
http://deb.debian.org/debian/pool/main/d/diffutils/diffutils_3.10-4.debian.tar.xz	diffutils_3.10-4.debian.tar.xz	14304	8588b6ffb897ccff46c583e58ef50500b2511eee41949b21e8afa5439712c2c7
http://deb.debian.org/debian/pool/main/d/dpkg/dpkg_1.22.22.dsc	dpkg_1.22.22.dsc	3449	fc481d9b87cd4416cd55673cc1fa716b57480a6b23253ac0d87c1abbfad4c964
http://deb.debian.org/debian/pool/main/d/dpkg/dpkg_1.22.22.tar.xz	dpkg_1.22.22.tar.xz	5746724	d5ea9f132deec8030b50ab2a02ade2b49f0c7a195805a302c8301156fe833a57
http://deb.debian.org/debian/pool/main/f/findutils/findutils_4.10.0-3.dsc	findutils_4.10.0-3.dsc	2291	fa6b67056d9e5b4d8edbfc8ab95ac15ac769b140284426973f6a1ef07a4594ec
http://deb.debian.org/debian/pool/main/f/findutils/findutils_4.10.0.orig.tar.xz	findutils_4.10.0.orig.tar.xz	2240712	1387e0b67ff247d2abde998f90dfbf70c1491391a59ddfecb8ae698789f0a4f5
http://deb.debian.org/debian/pool/main/f/findutils/findutils_4.10.0.orig.tar.xz.asc	findutils_4.10.0.orig.tar.xz.asc	488	7f53670eea6bd114e014571221eb652855c1129a3ed99f2a9257c2a313cc216f
http://deb.debian.org/debian/pool/main/f/findutils/findutils_4.10.0-3.debian.tar.xz	findutils_4.10.0-3.debian.tar.xz	33364	7d19668508523a6fcfb7731f5646305a8b1a00a3105ee3f0a5f167adf93a8a46
http://deb.debian.org/debian/pool/main/g/gcc-14/gcc-14_14.2.0-19.dsc	gcc-14_14.2.0-19.dsc	47347	7db1e202cce66617e9134a662c877a3a773de5b612fd52179815877e0ecfb847
http://deb.debian.org/debian/pool/main/g/gcc-14/gcc-14_14.2.0.orig.tar.gz	gcc-14_14.2.0.orig.tar.gz	94299633	e162a5ef3f0077ecae598c6556908d2ab80841532df3398072a96a6df6e6aa29
http://deb.debian.org/debian/pool/main/g/gcc-14/gcc-14_14.2.0-19.debian.tar.xz	gcc-14_14.2.0-19.debian.tar.xz	2577016	31cbab4bafa48aa1c540497bd8098cbcf98e673778f927651ed944709f687781
http://deb.debian.org/debian/pool/main/g/gdbm/gdbm_1.24-2.dsc	gdbm_1.24-2.dsc	2466	28acecf1cf00240942833c04079a02bb4c199a48faa1f4ca90f0ea9b79dc5841
http://deb.debian.org/debian/pool/main/g/gdbm/gdbm_1.24.orig.tar.gz	gdbm_1.24.orig.tar.gz	1195931	695e9827fdf763513f133910bc7e6cfdb9187943a4fec943e57449723d2b8dbf
http://deb.debian.org/debian/pool/main/g/gdbm/gdbm_1.24.orig.tar.gz.asc	gdbm_1.24.orig.tar.gz.asc	195	8fb2f87e817ed6bd1d7ef2ab976f6a0046814a5ff28a06c521b796e0d3fd1226
http://deb.debian.org/debian/pool/main/g/gdbm/gdbm_1.24-2.debian.tar.xz	gdbm_1.24-2.debian.tar.xz	16880	736d23450674c1bf0b03a2f65b83870b0801bc3747df3099df970c1479b0ab63
http://deb.debian.org/debian/pool/main/g/glibc/glibc_2.41-12%2bdeb13u3.dsc	glibc_2.41-12+deb13u3.dsc	7576	aa1ab10010fcf169454a5c6a123094a3997392922593d86a3a5adc180a07ca40
http://deb.debian.org/debian/pool/main/g/glibc/glibc_2.41.orig.tar.xz	glibc_2.41.orig.tar.xz	20323540	f24aa441021121a79266f0d75242706cab8843a47901fefe74527491807f1998
http://deb.debian.org/debian/pool/main/g/glibc/glibc_2.41-12%2bdeb13u3.debian.tar.xz	glibc_2.41-12+deb13u3.debian.tar.xz	494644	de7d715bf7e559b78baebac4115122641842f65faf0a5080a55954877a55cebe
http://deb.debian.org/debian/pool/main/g/gmp/gmp_6.3.0%2bdfsg-3.dsc	gmp_6.3.0+dfsg-3.dsc	2251	f7b64af28f52b7346bb8581e01d3c19daf769639345f234f8ae1e29c42171443
http://deb.debian.org/debian/pool/main/g/gmp/gmp_6.3.0%2bdfsg.orig.tar.xz	gmp_6.3.0+dfsg.orig.tar.xz	1870556	bd2966e6d277f79328e894a5a9f3ba3fbf2ed2be81def5f48623e30c23fb1572
http://deb.debian.org/debian/pool/main/g/gmp/gmp_6.3.0%2bdfsg-3.debian.tar.xz	gmp_6.3.0+dfsg-3.debian.tar.xz	19912	1d890bbe25dd649d2ddba1926483176520e50f22115a00566f250b613b8c20ad
http://deb.debian.org/debian/pool/main/g/grep/grep_3.11-4.dsc	grep_3.11-4.dsc	1642	dd6f8eb933bc05446e483f7792c8bf0a1aba9d498e65c6ccafe64e9bf27ac054
http://deb.debian.org/debian/pool/main/g/grep/grep_3.11.orig.tar.xz	grep_3.11.orig.tar.xz	1703776	1db2aedde89d0dea42b16d9528f894c8d15dae4e190b59aecc78f5a951276eab
http://deb.debian.org/debian/pool/main/g/grep/grep_3.11.orig.tar.xz.asc	grep_3.11.orig.tar.xz.asc	833	89ec23ffd59b68822732dc8204fc89883c3af30a90ae390feb94346d9d09a589
http://deb.debian.org/debian/pool/main/g/grep/grep_3.11-4.debian.tar.xz	grep_3.11-4.debian.tar.xz	20468	f10394b7589c58ca7de4b580692b1b59431f898cb2068e86222c174e093fdf49
http://deb.debian.org/debian/pool/main/g/gzip/gzip_1.13-1.dsc	gzip_1.13-1.dsc	1884	4942638dbb63dc5690e0a95ed70ee9f11e93565c43941c2485da3e561ec72028
http://deb.debian.org/debian/pool/main/g/gzip/gzip_1.13.orig.tar.xz	gzip_1.13.orig.tar.xz	838248	7454eb6935db17c6655576c2e1b0fabefd38b4d0936e0f87f48cd062ce91a057
http://deb.debian.org/debian/pool/main/g/gzip/gzip_1.13.orig.tar.xz.asc	gzip_1.13.orig.tar.xz.asc	833	aa752d6460fff2e0064857f1c6057d2dc49a28a45ad28c6b29c525851d6771f1
http://deb.debian.org/debian/pool/main/g/gzip/gzip_1.13-1.debian.tar.xz	gzip_1.13-1.debian.tar.xz	19028	29319b3f91d8e03d940d4d7c0f2a5fe5ec4f2ba4a0e621c9ef2682f2d0240dd2
http://deb.debian.org/debian/pool/main/h/hostname/hostname_3.25.dsc	hostname_3.25.dsc	1519	80aadf116c3423044be69a4cef8ba2766f412bd4d46a500aacb61f303c19c4ef
http://deb.debian.org/debian/pool/main/h/hostname/hostname_3.25.tar.xz	hostname_3.25.tar.xz	12804	5bb5d1be011158090157c9e7587ae5606c262a5020ecdc5caac6686b9910592e
http://deb.debian.org/debian/pool/main/i/init-system-helpers/init-system-helpers_1.69%7edeb13u1.dsc	init-system-helpers_1.69~deb13u1.dsc	2266	873082d72727267b6207e38df47e3002aeb0ed554f876db17c7bbfeb26174ee6
http://deb.debian.org/debian/pool/main/i/init-system-helpers/init-system-helpers_1.69%7edeb13u1.tar.xz	init-system-helpers_1.69~deb13u1.tar.xz	45852	bbd65c63420b6335b91cbf5daad9a70632a087657eb9078ea000f0a16c2d83da
http://deb.debian.org/debian/pool/main/libb/libbsd/libbsd_0.12.2-2.dsc	libbsd_0.12.2-2.dsc	2446	01eb1d0c896096f9038213f5f00376ecfd1c0d1def21b7042f28ae070e4837e3
http://deb.debian.org/debian/pool/main/libb/libbsd/libbsd_0.12.2.orig.tar.xz	libbsd_0.12.2.orig.tar.xz	446032	b88cc9163d0c652aaf39a99991d974ddba1c3a9711db8f1b5838af2a14731014
http://deb.debian.org/debian/pool/main/libb/libbsd/libbsd_0.12.2.orig.tar.xz.asc	libbsd_0.12.2.orig.tar.xz.asc	833	620dc92f158ebe0a650c0e92214a8121b927276895dc9a1dcaa38f627fa0fcb0
http://deb.debian.org/debian/pool/main/libb/libbsd/libbsd_0.12.2-2.debian.tar.xz	libbsd_0.12.2-2.debian.tar.xz	18688	36c878a32c1f190ca2cb474de5c6139990a6c029906493d3566770b1ebd569bf
http://deb.debian.org/debian/pool/main/libc/libcap-ng/libcap-ng_0.8.5-4.dsc	libcap-ng_0.8.5-4.dsc	1710	a5745b7d68a11068ae5beddcc7fbc94cd87dd81cb2d7495e7d48610603be3526
http://deb.debian.org/debian/pool/main/libc/libcap-ng/libcap-ng_0.8.5.orig.tar.gz	libcap-ng_0.8.5.orig.tar.gz	59265	e4be07fdd234f10b866433f224d183626003c65634ed0552b02e654a380244c2
http://deb.debian.org/debian/pool/main/libc/libcap-ng/libcap-ng_0.8.5-4.debian.tar.xz	libcap-ng_0.8.5-4.debian.tar.xz	7816	f5d4e7f38bdbca87de77317ce95f973883081370ef257019b484e29e3368a20d
http://deb.debian.org/debian/pool/main/libc/libcap2/libcap2_2.75-10%2bdeb13u1.dsc	libcap2_2.75-10+deb13u1.dsc	2714	cb6af220de216655ec55bb1f5abf3fa8f03e82c9956f120b313056e895c02ea6
http://deb.debian.org/debian/pool/main/libc/libcap2/libcap2_2.75.orig.tar.xz	libcap2_2.75.orig.tar.xz	197868	de4e7e064c9ba451d5234dd46e897d7c71c96a9ebf9a0c445bc04f4742d83632
http://deb.debian.org/debian/pool/main/libc/libcap2/libcap2_2.75.orig.tar.xz.asc	libcap2_2.75.orig.tar.xz.asc	833	c71b593e7c3160fd7f406641074d93462bbc4906c9243937a0e232f42d5c54d2
http://deb.debian.org/debian/pool/main/libc/libcap2/libcap2_2.75-10%2bdeb13u1.debian.tar.xz	libcap2_2.75-10+deb13u1.debian.tar.xz	24628	d375de2f743f112835fc0eef2a9c305c1109371954cf53e109b7f046fe58c1bc
http://deb.debian.org/debian/pool/main/libf/libffi/libffi_3.4.8-2.dsc	libffi_3.4.8-2.dsc	1948	4424defe3f37c0084f062e03330b2ba3d3f927367c33be455cfacf7f85a78161
http://deb.debian.org/debian/pool/main/libf/libffi/libffi_3.4.8.orig.tar.gz	libffi_3.4.8.orig.tar.gz	595051	cbb7f0b3b095dc506387ec1e35b891bfb4891d05b90a495bc69a10f2293f80ff
http://deb.debian.org/debian/pool/main/libf/libffi/libffi_3.4.8-2.debian.tar.xz	libffi_3.4.8-2.debian.tar.xz	11220	f23ac79a19895ebb6bbb539263d0d945ebc2d3e91217a597f5819777f08b401c
http://deb.debian.org/debian/pool/main/libm/libmd/libmd_1.1.0-2.dsc	libmd_1.1.0-2.dsc	2280	46cc951cd6d71bbfeff4522de66f968fb92601ec4cc622b07f6ac0a2a36ac5f0
http://deb.debian.org/debian/pool/main/libm/libmd/libmd_1.1.0.orig.tar.xz	libmd_1.1.0.orig.tar.xz	271228	1bd6aa42275313af3141c7cf2e5b964e8b1fd488025caf2f971f43b00776b332
http://deb.debian.org/debian/pool/main/libm/libmd/libmd_1.1.0.orig.tar.xz.asc	libmd_1.1.0.orig.tar.xz.asc	833	402fd3024e43ab975733d09e661804a58ca58697194e4b15216b1217cfe1dadb
http://deb.debian.org/debian/pool/main/libm/libmd/libmd_1.1.0-2.debian.tar.xz	libmd_1.1.0-2.debian.tar.xz	8244	3b6ff35fc921eb5450fa9bf2d300c9e058e3771f96f8f13f759768fadd53324c
http://deb.debian.org/debian/pool/main/libs/libseccomp/libseccomp_2.6.0-2.dsc	libseccomp_2.6.0-2.dsc	2622	d05f94536558d34fa339326c6f958a3357b51efac8234470b5d97b69472db765
http://deb.debian.org/debian/pool/main/libs/libseccomp/libseccomp_2.6.0.orig.tar.gz	libseccomp_2.6.0.orig.tar.gz	685655	83b6085232d1588c379dc9b9cae47bb37407cf262e6e74993c61ba72d2a784dc
http://deb.debian.org/debian/pool/main/libs/libseccomp/libseccomp_2.6.0.orig.tar.gz.asc	libseccomp_2.6.0.orig.tar.gz.asc	833	52e338fa958128293cbd25d2be189e34da41c4f4abbb1b641cf58f373c001f94
http://deb.debian.org/debian/pool/main/libs/libseccomp/libseccomp_2.6.0-2.debian.tar.xz	libseccomp_2.6.0-2.debian.tar.xz	20800	ed705ec85719403e77d004c99c0b06b795f090c66fcae265c4bcf37ffea9cc27
http://deb.debian.org/debian/pool/main/libs/libselinux/libselinux_3.8.1-1.dsc	libselinux_3.8.1-1.dsc	3013	e430b782a396e266f86c32fa779efadebfd40e6a0d10ddbd786fc47905f723b9
http://deb.debian.org/debian/pool/main/libs/libselinux/libselinux_3.8.1.orig.tar.gz	libselinux_3.8.1.orig.tar.gz	204411	ec2d2789f931152d21c1db1eb4bc202ce4eccede34d9be9e360e3b45243cee2c
http://deb.debian.org/debian/pool/main/libs/libselinux/libselinux_3.8.1.orig.tar.gz.asc	libselinux_3.8.1.orig.tar.gz.asc	833	7f983714a780d89f7677e7ba140ce29974022b8ba225f60246b6c33de1477dd6
http://deb.debian.org/debian/pool/main/libs/libselinux/libselinux_3.8.1-1.debian.tar.xz	libselinux_3.8.1-1.debian.tar.xz	37812	1af25952374f083cf3d6d0edd5beb938f2e53c30eb404afa1e32fcd1cb127db7
http://deb.debian.org/debian/pool/main/libs/libsemanage/libsemanage_3.8.1-1.dsc	libsemanage_3.8.1-1.dsc	2992	b22bfc4ab2cd47fac46cc9e45d418bb30eb540c3e5c1052d6c669f53e180e4e5
http://deb.debian.org/debian/pool/main/libs/libsemanage/libsemanage_3.8.1.orig.tar.gz	libsemanage_3.8.1.orig.tar.gz	184618	7b39127b219cc70bfd935a4af6b0f2ba83d4b35c916f253c7e942c23ab490f07
http://deb.debian.org/debian/pool/main/libs/libsemanage/libsemanage_3.8.1.orig.tar.gz.asc	libsemanage_3.8.1.orig.tar.gz.asc	833	5b4856cb5823fba1b247ff1b5355692706da68a4df61a936d1b33b1f9e9b2f3d
http://deb.debian.org/debian/pool/main/libs/libsemanage/libsemanage_3.8.1-1.debian.tar.xz	libsemanage_3.8.1-1.debian.tar.xz	37572	6d1e5bd4d06bbd25ced1b75fba394c3e2157bd604cf1cd33fb581793d70bd7b8
http://deb.debian.org/debian/pool/main/libs/libsepol/libsepol_3.8.1-1.dsc	libsepol_3.8.1-1.dsc	2347	0351ffc8c3f66918c9e4ecae9244ae2af27857d8795e424e384ddda794718c34
http://deb.debian.org/debian/pool/main/libs/libsepol/libsepol_3.8.1.orig.tar.gz	libsepol_3.8.1.orig.tar.gz	513830	0e78705305f955abd4c0654d37a5477ee26349ab74db9e2b03a7868897ae1ddf
http://deb.debian.org/debian/pool/main/libs/libsepol/libsepol_3.8.1.orig.tar.gz.asc	libsepol_3.8.1.orig.tar.gz.asc	833	183f6cf96054986704d4224f89518e9139370385c43a533078f45ca688dca8b6
http://deb.debian.org/debian/pool/main/libs/libsepol/libsepol_3.8.1-1.debian.tar.xz	libsepol_3.8.1-1.debian.tar.xz	21432	7aac515a941f8dd19581b16c664b3098962e6a8ed7fa0afdafd306a85c667619
http://deb.debian.org/debian/pool/main/libx/libxcrypt/libxcrypt_4.4.38-1.dsc	libxcrypt_4.4.38-1.dsc	1573	feba1874a84616791c1c17f9a290c9e97562b2904b3b0200edc82a2db54f3f07
http://deb.debian.org/debian/pool/main/libx/libxcrypt/libxcrypt_4.4.38.orig.tar.xz	libxcrypt_4.4.38.orig.tar.xz	394216	6a275a356622c64ba9f693892215dbb399c003a7a4afeed9c4c74070eaab20f4
http://deb.debian.org/debian/pool/main/libx/libxcrypt/libxcrypt_4.4.38-1.debian.tar.xz	libxcrypt_4.4.38-1.debian.tar.xz	8512	6b87bcb5325e417ab3f4c01c364233444b4c9008a69ec1d6fababb3f6e693a5e
http://deb.debian.org/debian/pool/main/libz/libzstd/libzstd_1.5.7%2bdfsg-1.dsc	libzstd_1.5.7+dfsg-1.dsc	2371	8f6ab97fa772d921334e50fa5756a0951e23c718dc913e43a228f28c1a23adf9
http://deb.debian.org/debian/pool/main/libz/libzstd/libzstd_1.5.7%2bdfsg.orig.tar.xz	libzstd_1.5.7+dfsg.orig.tar.xz	1834780	0c092ef267edce57ba7f3f2645c861f72eaf5e76273c6c3632869423464b90a5
http://deb.debian.org/debian/pool/main/libz/libzstd/libzstd_1.5.7%2bdfsg-1.debian.tar.xz	libzstd_1.5.7+dfsg-1.debian.tar.xz	23036	5e88424d919941291f79e1bfada6cb1a6f748671d9de7d4b7d931f361f183a15
http://deb.debian.org/debian/pool/main/l/lz4/lz4_1.10.0-4.dsc	lz4_1.10.0-4.dsc	1941	394c635aa75a21cd5896680e48821c05336645072ae866b2717d53f36b9ba851
http://deb.debian.org/debian/pool/main/l/lz4/lz4_1.10.0.orig.tar.gz	lz4_1.10.0.orig.tar.gz	387114	537512904744b35e232912055ccf8ec66d768639ff3abe5788d90d792ec5f48b
http://deb.debian.org/debian/pool/main/l/lz4/lz4_1.10.0-4.debian.tar.xz	lz4_1.10.0-4.debian.tar.xz	8080	8d276c3254182c2c9cf319b9a6504cf257c56b441f37d3db8ad97d33d46a0911
http://deb.debian.org/debian/pool/main/m/mawk/mawk_1.3.4.20250131-1.dsc	mawk_1.3.4.20250131-1.dsc	2969	147dd01670e2ebf61f3c78470e0025b87d14e69c7ba9cfafd54da32a355dea84
http://deb.debian.org/debian/pool/main/m/mawk/mawk_1.3.4.20250131.orig.tar.gz	mawk_1.3.4.20250131.orig.tar.gz	433213	51bcb82d577b141d896d9d9c3077d7aaa209490132e9f2b9573ba8511b3835be
http://deb.debian.org/debian/pool/main/m/mawk/mawk_1.3.4.20250131.orig.tar.gz.asc	mawk_1.3.4.20250131.orig.tar.gz.asc	729	bc83f127727edb42a91d516770c8d0d3cdb5f6e541aa3cb5213b79dae494db95
http://deb.debian.org/debian/pool/main/m/mawk/mawk_1.3.4.20250131-1.debian.tar.xz	mawk_1.3.4.20250131-1.debian.tar.xz	16008	23dea8244bf4f116ec3cd202ab5d4693207d82d986cd0a3d79442b916be4e2b7
http://deb.debian.org/debian/pool/main/n/ncurses/ncurses_6.5%2b20250216-2.dsc	ncurses_6.5+20250216-2.dsc	3890	00539cc2bc6bb84be1b8a8a5decf606682e14b6f39b76b9aa090e65d2c2d4580
http://deb.debian.org/debian/pool/main/n/ncurses/ncurses_6.5%2b20250216.orig.tar.gz	ncurses_6.5+20250216.orig.tar.gz	3774714	b37baafa436e7133bb12a185cb8f60e1599b1947e9f0181c76f3190acf28b6eb
http://deb.debian.org/debian/pool/main/n/ncurses/ncurses_6.5%2b20250216.orig.tar.gz.asc	ncurses_6.5+20250216.orig.tar.gz.asc	729	64f4d17923322176c44079f18f170e2164a59d551d7e4e9c1a6e4eebedc5dd6f
http://deb.debian.org/debian/pool/main/n/ncurses/ncurses_6.5%2b20250216-2.debian.tar.xz	ncurses_6.5+20250216-2.debian.tar.xz	50420	546930a8992ae3325d8c38378f290265d969cf6333cfae9648ac6d69e1e8a8a6
http://deb.debian.org/debian/pool/main/n/netbase/netbase_6.5.dsc	netbase_6.5.dsc	899	e8691899f57c06fcc383b0f2214b662137df539227d9d7811dc8223f32ebe4c7
http://deb.debian.org/debian/pool/main/n/netbase/netbase_6.5.tar.xz	netbase_6.5.tar.xz	32544	9116047aebbaa1698934052d01c6e09b4c3aed643e93df63d2ddcbec243c26d1
http://deb.debian.org/debian/pool/main/n/nettle/nettle_3.10.1-1.dsc	nettle_3.10.1-1.dsc	2053	7b440850ce04b341363f3f5e23dfb9f96ebf7d52e0ef7ba2d07120c90ca61b3c
http://deb.debian.org/debian/pool/main/n/nettle/nettle_3.10.1.orig.tar.gz	nettle_3.10.1.orig.tar.gz	2643267	b0fcdd7fc0cdea6e80dcf1dd85ba794af0d5b4a57e26397eee3bc193272d9132
http://deb.debian.org/debian/pool/main/n/nettle/nettle_3.10.1-1.debian.tar.xz	nettle_3.10.1-1.debian.tar.xz	25036	2d40d02ddac5985d8833532a17a0ef96cb685ee0547ee9617ec13793b22e34c6
http://deb.debian.org/debian/pool/main/o/openssl/openssl_3.5.6-1%7edeb13u2.dsc	openssl_3.5.6-1~deb13u2.dsc	2707	6a7f8fef28a5134eeb1a88435c35704f6200a268b913232eca09775651a19210
http://deb.debian.org/debian/pool/main/o/openssl/openssl_3.5.6.orig.tar.gz	openssl_3.5.6.orig.tar.gz	53121812	deae7c80cba99c4b4f940ecadb3c3338b13cb77418409238e57d7f31f2a3b736
http://deb.debian.org/debian/pool/main/o/openssl/openssl_3.5.6.orig.tar.gz.asc	openssl_3.5.6.orig.tar.gz.asc	833	581c536bd4c5bf7e325feaa90d6ce01c3da297737b5be3213c4e8087323fb623
http://deb.debian.org/debian/pool/main/o/openssl/openssl_3.5.6-1%7edeb13u2.debian.tar.xz	openssl_3.5.6-1~deb13u2.debian.tar.xz	82144	322797f9ac320606e91eb07540fd4c7ba910ee84f52fa455c7f8619dd53f9bcc
http://deb.debian.org/debian/pool/main/p/pam/pam_1.7.0-5.dsc	pam_1.7.0-5.dsc	2210	5c127aa18c7cb52ec9ee91fa2099453b3a851bcc0088e79045384a2a508b341c
http://deb.debian.org/debian/pool/main/p/pam/pam_1.7.0.orig.tar.xz	pam_1.7.0.orig.tar.xz	507824	57dcd7a6b966ecd5bbd95e1d11173734691e16b68692fa59661cdae9b13b1697
http://deb.debian.org/debian/pool/main/p/pam/pam_1.7.0.orig.tar.xz.asc	pam_1.7.0.orig.tar.xz.asc	801	7a8ea18ec7d9dd1f8cbf9055c32128cbca8241aa63e9fea44d56ce6f0e15e441
http://deb.debian.org/debian/pool/main/p/pam/pam_1.7.0-5.debian.tar.xz	pam_1.7.0-5.debian.tar.xz	145640	d776d7cb6fc8b08273f96b7f843299356ef13c6756e30468c594ab28faf1701c
http://deb.debian.org/debian/pool/main/p/pcre2/pcre2_10.46-1%7edeb13u1.dsc	pcre2_10.46-1~deb13u1.dsc	2377	15fd556b0182dac4decee5408ab4908654bb6a7f2002774a46e908c1ec7937b8
http://deb.debian.org/debian/pool/main/p/pcre2/pcre2_10.46.orig.tar.gz	pcre2_10.46.orig.tar.gz	2718545	8d28d7f2c3b970c3a4bf3776bcbb5adfc923183ce74bc8df1ebaad8c1985bd07
http://deb.debian.org/debian/pool/main/p/pcre2/pcre2_10.46-1%7edeb13u1.diff.gz	pcre2_10.46-1~deb13u1.diff.gz	8729	b1e614d7d31b26314754c563079b6e8400e50fe7a35d21cc0945f41c45965c45
http://deb.debian.org/debian/pool/main/p/perl/perl_5.40.1-6.dsc	perl_5.40.1-6.dsc	2372	b521581cdc0d45d234ebba4d3c7d1e107fd9f18e1322c1bbaf7101483a7fdf08
http://deb.debian.org/debian/pool/main/p/perl/perl_5.40.1.orig-regen-configure.tar.xz	perl_5.40.1.orig-regen-configure.tar.xz	421056	4ea023d08101443f6ed9dc3bdd9bb5f5e08087678dc9e443d195df22da36209a
http://deb.debian.org/debian/pool/main/p/perl/perl_5.40.1.orig.tar.xz	perl_5.40.1.orig.tar.xz	13930924	dfa20c2eef2b4af133525610bbb65dd13777ecf998c9c5b1ccf0d308e732ee3f
http://deb.debian.org/debian/pool/main/p/perl/perl_5.40.1-6.debian.tar.xz	perl_5.40.1-6.debian.tar.xz	172892	3071cd0d0ddb2bc58a739d331c5e8c5b549f679714b7d8f698b7f8f7ab27b3a3
http://deb.debian.org/debian/pool/main/r/readline/readline_8.2-6.dsc	readline_8.2-6.dsc	2810	6f94c7144d6b6b1ff88aaebd81480e87f8773b7638031782aac12ef93ffd2e71
http://deb.debian.org/debian/pool/main/r/readline/readline_8.2.orig.tar.gz	readline_8.2.orig.tar.gz	3043952	3feb7171f16a84ee82ca18a36d7b9be109a52c04f492a053331d7d1095007c35
http://deb.debian.org/debian/pool/main/r/readline/readline_8.2-6.debian.tar.xz	readline_8.2-6.debian.tar.xz	38396	d1cf806644dbce298cf929f1cc9b3af5a50cd7db97b6f69db280c1eb2f544376
http://deb.debian.org/debian/pool/main/r/rust-sequoia-sqv/rust-sequoia-sqv_1.3.0-3.dsc	rust-sequoia-sqv_1.3.0-3.dsc	2704	98ad852ed30d42d3b0d6ce40d2f56a96fb443cc6fa2caeaa12516fe5bbe544af
http://deb.debian.org/debian/pool/main/r/rust-sequoia-sqv/rust-sequoia-sqv_1.3.0.orig.tar.gz	rust-sequoia-sqv_1.3.0.orig.tar.gz	140759	8924571d26720b245292ad3c450e4061fcb24890461874790549747bffa35e60
http://deb.debian.org/debian/pool/main/r/rust-sequoia-sqv/rust-sequoia-sqv_1.3.0-3.debian.tar.xz	rust-sequoia-sqv_1.3.0-3.debian.tar.xz	3876	be04e0365bc1206617a3e55d507bfce2e972819fb737e23a1112a717cc89b9bc
http://deb.debian.org/debian/pool/main/s/sed/sed_4.9-2%2bdeb13u1.dsc	sed_4.9-2+deb13u1.dsc	2047	9fcc5dffe5e712b4631757c057228ae57919aec1cca1c91a80e76719167f443b
http://deb.debian.org/debian/pool/main/s/sed/sed_4.9.orig.tar.xz	sed_4.9.orig.tar.xz	1397092	6e226b732e1cd739464ad6862bd1a1aba42d7982922da7a53519631d24975181
http://deb.debian.org/debian/pool/main/s/sed/sed_4.9-2%2bdeb13u1.debian.tar.xz	sed_4.9-2+deb13u1.debian.tar.xz	63644	9c9aacda91e02802f33fb6a1a6e86f80be1bc67b92a4dae009e78f77e26e130a
http://deb.debian.org/debian/pool/main/s/shadow/shadow_4.17.4-2.dsc	shadow_4.17.4-2.dsc	2851	920de0d3be5303f2c0511d5531c1815abc258b15af8f9c511c8aa6d8e1a91a86
http://deb.debian.org/debian/pool/main/s/shadow/shadow_4.17.4.orig.tar.xz	shadow_4.17.4.orig.tar.xz	2326584	554801054694ff7d8a7abdf0d6ece34e2f16e111673cc01b8c9ee1278451181e
http://deb.debian.org/debian/pool/main/s/shadow/shadow_4.17.4.orig.tar.xz.asc	shadow_4.17.4.orig.tar.xz.asc	488	82437d2b54790b3a6734c526b757e693cd0c734ec6afd69f9a9cf0eb1dad8dc4
http://deb.debian.org/debian/pool/main/s/shadow/shadow_4.17.4-2.debian.tar.xz	shadow_4.17.4-2.debian.tar.xz	167792	97eaf0b3682a8a1a1ae6e4c4fac00885a7433d2487e636bde7c1c406e66bdb23
http://deb.debian.org/debian/pool/main/s/sqlite3/sqlite3_3.46.1-7%2bdeb13u1.dsc	sqlite3_3.46.1-7+deb13u1.dsc	2673	d96b624e3d5319aec6030e31c1047372f06dd23b7c76e18e312b1a0b355b2b52
http://deb.debian.org/debian/pool/main/s/sqlite3/sqlite3_3.46.1.orig-www.tar.xz	sqlite3_3.46.1.orig-www.tar.xz	5861820	648df41a8e532882b1905df45919aae4bafaf74c455f66bc86f1f52f45c8b8f0
http://deb.debian.org/debian/pool/main/s/sqlite3/sqlite3_3.46.1.orig.tar.xz	sqlite3_3.46.1.orig.tar.xz	8456776	d0cdd2ece271b29e7ce18095745d892517ee26d0f270065b3a25c2e9eb11639c
http://deb.debian.org/debian/pool/main/s/sqlite3/sqlite3_3.46.1-7%2bdeb13u1.debian.tar.xz	sqlite3_3.46.1-7+deb13u1.debian.tar.xz	35840	2f2135b8b9ca37d607422f0f590ab45dc64c17fed71bb019fd1f69894637ce21
http://deb.debian.org/debian/pool/main/s/systemd/systemd_257.13-1%7edeb13u1.dsc	systemd_257.13-1~deb13u1.dsc	8696	1b3405d671a82d1e20c9d99f52d4336aafe8543b28d04e91b7f1f586d3a667c7
http://deb.debian.org/debian/pool/main/s/systemd/systemd_257.13.orig.tar.gz	systemd_257.13.orig.tar.gz	16543653	1eb7d5f9ff8a426ff880a3cded9ce819613ba8003ac5ddde9eca162f14ddabe7
http://deb.debian.org/debian/pool/main/s/systemd/systemd_257.13-1%7edeb13u1.debian.tar.xz	systemd_257.13-1~deb13u1.debian.tar.xz	183128	9c6e435d613b996efcdb3b7dd9a4cebaa745333a3f64dc722f3fad646f1fdc1a
http://deb.debian.org/debian/pool/main/s/sysvinit/sysvinit_3.14-4.dsc	sysvinit_3.14-4.dsc	2375	1cfe65682218077e6f76011f0c5caacc9f2ab214d55893307d4a54c93312ac92
http://deb.debian.org/debian/pool/main/s/sysvinit/sysvinit_3.14.orig.tar.gz	sysvinit_3.14.orig.tar.gz	516357	4e90a148707cf64113fc97343c053f9c0c9589551936b053999dcc69731f295f
http://deb.debian.org/debian/pool/main/s/sysvinit/sysvinit_3.14-4.debian.tar.xz	sysvinit_3.14-4.debian.tar.xz	122156	2ba0aa763232112696bce50ee5acc707a515fcbd5b2c194193bfa7a0a525bff6
http://deb.debian.org/debian/pool/main/t/tar/tar_1.35%2bdfsg-3.1.dsc	tar_1.35+dfsg-3.1.dsc	2017	5bb58d4966d94c99a9f1b182676089ecc05058d62fdb927f5c07539d9cda4077
http://deb.debian.org/debian/pool/main/t/tar/tar_1.35%2bdfsg.orig.tar.xz	tar_1.35+dfsg.orig.tar.xz	2111608	9ae57e981c1e73c0eebc2b26c9b0c4497fe310ef1d516ea430efb5470b71f7a8
http://deb.debian.org/debian/pool/main/t/tar/tar_1.35%2bdfsg-3.1.debian.tar.xz	tar_1.35+dfsg-3.1.debian.tar.xz	21540	0d0278034b82ed84dce04a461879b6e1871e4cb416a0ff04d3d35ff05fc30a53
http://deb.debian.org/debian/pool/main/t/tzdata/tzdata_2026b-0%2bdeb13u1.dsc	tzdata_2026b-0+deb13u1.dsc	2466	eac9b7a51fa249d8e5ad59989211dadf4a1e82568ad0fa51d644ef0d688cc383
http://deb.debian.org/debian/pool/main/t/tzdata/tzdata_2026b.orig.tar.gz	tzdata_2026b.orig.tar.gz	473703	114543d9f19a6bfeb5bca43686aea173d38755a3db1f2eec112647ae92c6f544
http://deb.debian.org/debian/pool/main/t/tzdata/tzdata_2026b.orig.tar.gz.asc	tzdata_2026b.orig.tar.gz.asc	833	b69ac9d9c926cb5ef80ab0b4bbc2a462eb9b4b36167e4aac649d87b744f7ca8b
http://deb.debian.org/debian/pool/main/t/tzdata/tzdata_2026b-0%2bdeb13u1.debian.tar.xz	tzdata_2026b-0+deb13u1.debian.tar.xz	127092	1396798ec5281c957fa3c59813cf15344ae16d0639d1611ce4ab56c8da5f9402
http://deb.debian.org/debian/pool/main/u/util-linux/util-linux_2.41-5.dsc	util-linux_2.41-5.dsc	4942	9e84dcc64170262f850aa5fd65902846a1ebf054d556ab5c4ec17fa16b00e628
http://deb.debian.org/debian/pool/main/u/util-linux/util-linux_2.41.orig.tar.xz	util-linux_2.41.orig.tar.xz	9535724	81ee93b3cfdfeb7d7c4090cedeba1d7bbce9141fd0b501b686b3fe475ddca4c6
http://deb.debian.org/debian/pool/main/u/util-linux/util-linux_2.41-5.debian.tar.xz	util-linux_2.41-5.debian.tar.xz	120144	20ad832160d5ed8de4759ce00652f620ce642ab583c3c1c431b68a15cdba1d07
http://deb.debian.org/debian/pool/main/x/xxhash/xxhash_0.8.3-2.dsc	xxhash_0.8.3-2.dsc	1969	9d1f7aaace7871fbdb8775d756c6eaca84e6ad5d8e9c6ac465b7e0adc06ff90c
http://deb.debian.org/debian/pool/main/x/xxhash/xxhash_0.8.3.orig.tar.gz	xxhash_0.8.3.orig.tar.gz	1147630	aae608dfe8213dfd05d909a57718ef82f30722c392344583d3f39050c7f29a80
http://deb.debian.org/debian/pool/main/x/xxhash/xxhash_0.8.3-2.debian.tar.xz	xxhash_0.8.3-2.debian.tar.xz	5144	13824bfb2b2367225dfe3090d0ae050614f1c470a47db7232a2e9d4b2b14ad31
http://deb.debian.org/debian/pool/main/x/xz-utils/xz-utils_5.8.1-1%2bdeb13u1.dsc	xz-utils_5.8.1-1+deb13u1.dsc	2736	ddadd9d9f7c4bb80b08f9f17409e2701a29a4cf8fe25e15d19605e5281c1fc1b
http://deb.debian.org/debian/pool/main/x/xz-utils/xz-utils_5.8.1.orig.tar.xz	xz-utils_5.8.1.orig.tar.xz	1461872	0b54f79df85912504de0b14aec7971e3f964491af1812d83447005807513cd9e
http://deb.debian.org/debian/pool/main/x/xz-utils/xz-utils_5.8.1.orig.tar.xz.asc	xz-utils_5.8.1.orig.tar.xz.asc	833	4138f4ceca1aa7fd2085fb15a23f6d495d27bca6d3c49c429a8520ea622c27ae
http://deb.debian.org/debian/pool/main/x/xz-utils/xz-utils_5.8.1-1%2bdeb13u1.debian.tar.xz	xz-utils_5.8.1-1+deb13u1.debian.tar.xz	25696	0e48427971a9ce674ddbba26e34ac1dd009c683f3816ce17852d99dc7b0a8e46
http://deb.debian.org/debian/pool/main/z/zlib/zlib_1.3.dfsg%2breally1.3.1-1.dsc	zlib_1.3.dfsg+really1.3.1-1.dsc	2637	ede2791e29c1d3b422f9208bdd7edf040c20445ea1e7453a72037576e64fa197
http://deb.debian.org/debian/pool/main/z/zlib/zlib_1.3.dfsg%2breally1.3.1.orig.tar.gz	zlib_1.3.dfsg+really1.3.1.orig.tar.gz	1325737	60dd315c07f616887caa029408308a018ace66e3d142726a97db164b3b8f69fb
http://deb.debian.org/debian/pool/main/z/zlib/zlib_1.3.dfsg%2breally1.3.1-1.debian.tar.xz	zlib_1.3.dfsg+really1.3.1-1.debian.tar.xz	16576	9ed525955ce9fb0c1b39be8ff98f73450dbfc6305a9a27e6149c8972d38a0a9e
